Date,open,high,low,close,volume,volume_ratio
2024-01-02 00:00:00-05:00,401.40666672202366,401.6539357629906,395.8678341675219,398.1921691894531,58026900,1.0
2024-01-03 00:00:00-05:00,395.5612266441927,396.6195453935678,393.5435329837988,393.97869873046875,47002800,0.8950382606062857
2024-01-04 00:00:00-05:00,392.10936665213654,395.22495060961353,391.73351287096733,391.95111083984375,39432800,0.818886562256641
2024-01-05 00:00:00-05:00,392.11927431902103,395.1952868342146,391.0213840335171,392.4159851074219,44922800,0.9488128170454624
2024-01-08 00:00:00-05:00,393.6424659771053,400.81326913387153,393.4941105693252,400.5264587402344,42473800,0.915939896255959
2024-01-09 00:00:00-05:00,397.5195783571153,402.24736090042086,397.32175106373893,401.317626953125,39132900,0.8664366475763121
2024-01-10 00:00:00-05:00,401.63418024922,405.0464750326956,400.7440177050181,404.0376281738281,33962800,0.7795896309879367
2024-01-11 00:00:00-05:00,405.3135528853883,406.7081539785194,399.8241617506112,404.87835693359375,54536200,1.21363149564245
2024-01-12 00:00:00-05:00,405.91684940375336,406.75757017530395,403.69142804717114,405.0860290527344,39595000,0.892927840114662
2024-01-16 00:00:00-05:00,403.84970451009025,406.62900624283634,402.3858608543528,405.0464782714844,43903000,0.9910629835052338
2024-01-17 00:00:00-05:00,401.73313165435087,403.137603088809,398.5186336985363,402.7617492675781,54386000,1.2028067353606433
2024-01-18 00:00:00-05:00,406.0355875350851,409.0621585664853,404.69045826966845,408.4786071777344,59562500,1.2833576478509707
2024-01-19 00:00:00-05:00,410.6842460201119,416.73738790383584,410.10069464862477,416.5791320800781,70325100,1.4574857483930972
2024-01-22 00:00:00-05:00,418.7847792861086,420.09036718235046,416.51978621850566,417.1231384277344,44880600,0.9348132957381701
2024-01-23 00:00:00-05:00,417.81545577614327,419.07160187962575,415.9757885155932,418.85400390625,33003800,0.7020621232168611
2024-01-24 00:00:00-05:00,422.77074262172437,425.15441993814665,420.68377609813024,421.1783142089844,46948000,0.9987674429427134
2024-01-25 00:00:00-05:00,423.68068017138546,424.3532749490194,419.34855163077793,421.6926574707031,44367200,0.9469908301988469
2024-01-26 00:00:00-05:00,419.80351225091505,421.5541662899098,418.52759547851645,419.1803894042969,37137000,0.8019033607517858
2024-01-29 00:00:00-05:00,419.6353410088851,423.6707887359302,418.98254710644517,423.47296142578125,38694700,0.8428343933162894
2024-01-30 00:00:00-05:00,422.43446911616866,423.00812005564006,419.74418052978876,420.65411376953125,36739000,0.8083095782341871
2024-01-31 00:00:00-05:00,416.2527821469301,418.25070547983444,412.23713463649926,412.4151611328125,64010600,1.399113414991597
2024-02-01 00:00:00-05:00,414.21527274314917,417.76605304331184,413.2459671013942,417.2715148925781,51008600,1.110062170410645
2024-02-02 00:00:00-05:00,419.1704994430535,425.54015285865825,418.1715529635228,424.3236083984375,59602400,1.2692271654784113
2024-02-05 00:00:00-05:00,424.3829673380894,424.9170467974545,420.35741962826177,423.7697448730469,39889200,0.8540136233854987
2024-02-06 00:00:00-05:00,424.91702100136916,425.5203731922329,420.5749920850684,422.9190979003906,35846100,0.772936141089454
2024-02-07 00:00:00-05:00,425.70832987076966,428.1018775909272,424.4027419229312,427.27105712890625,37712700,0.8144319711308747
2024-02-08 00:00:00-05:00,427.3897525769773,428.8239253093951,426.70731768816063,428.0623474121094,29889900,0.6483444926757868
2024-02-09 00:00:00-05:00,429.1997442306421,433.0670359352017,428.4084953155892,432.2757568359375,36943900,0.816940504859719
2024-02-12 00:00:00-05:00,432.1669701427517,434.34294992138797,429.90197712556375,430.5844421386719,33203300,0.7394502956170991
2024-02-13 00:00:00-05:00,422.61250583435543,426.5589104777303,420.68379504149027,423.8686218261719,64491700,1.4040655432478997
2024-02-14 00:00:00-05:00,426.5490592641366,428.9129359501023,424.1950528160093,428.4876403808594,45092700,0.9917578399492384
2024-02-15 00:00:00-05:00,429.1799679376821,430.228386319258,426.61823395817083,429.7635192871094,38796100,0.8732131374168254
2024-02-16 00:00:00-05:00,430.1393938823627,430.23827736206954,425.1544410261166,425.8665771484375,53716500,1.2320665524430774
2024-02-20 00:00:00-05:00,423.86861355765257,425.38189900812085,418.87379058422897,422.6520690917969,53999500,1.2257390792730256
2024-02-21 00:00:00-05:00,419.91230547764127,421.04976730062936,417.0242197609672,420.9607238769531,49779000,1.1088265637235581
2024-02-22 00:00:00-05:00,429.7436973263299,434.323124842958,428.9722191177197,433.28460693359375,53887800,1.1911434460287096
2024-02-23 00:00:00-05:00,434.847372066645,435.7771061666254,431.0295521880033,432.00872802734375,39853900,0.8853524168644352
2024-02-26 00:00:00-05:00,432.8197982334862,433.8088745410654,431.59332308682286,431.78125,33043200,0.7374061705814143
2024-02-27 00:00:00-05:00,432.8890057637283,433.20548721652256,430.2778300347507,432.81976318359375,33713200,0.7565635079940481
2024-02-28 00:00:00-05:00,430.67351462966457,431.89998984827685,429.5558535070604,430.5152587890625,32938800,0.742350485807664
2024-02-29 00:00:00-05:00,433.44288993773637,435.2825572489929,430.2679334863053,434.2044677734375,42495200,0.9815225411324608
2024-03-01 00:00:00-05:00,435.0946617864891,441.70168427871766,435.0353196227552,440.7422790527344,43853000,1.0213239481985463
2024-03-04 00:00:00-05:00,440.74227490938915,441.1676006577686,438.92237814215883,439.1696472167969,34325700,0.8236803326424877
2024-03-05 00:00:00-05:00,436.1233102879435,436.13321070998603,428.9129355407324,431.2867126464844,57917100,1.3603557865520266
2024-03-06 00:00:00-05:00,435.5100505533122,437.1617909455897,432.11752634641863,433.99676513671875,46234500,1.072865989385856
2024-03-07 00:00:00-05:00,437.58711514912994,441.84013082742956,436.04412847428506,440.5840148925781,44526700,1.025132102308537
2024-03-08 00:00:00-05:00,440.94007933389213,443.7391820165276,433.5516785602011,434.2242431640625,72096000,1.5829483510844895
2024-03-11 00:00:00-04:00,432.73074486330546,433.86817647471133,430.68334985224834,432.612060546875,45860000,0.9971473887556086
2024-03-12 00:00:00-04:00,434.92650573753195,439.169621073095,431.69220711590737,438.8135681152344,55300900,1.1742146240424494
2024-03-13 00:00:00-04:00,437.8146034192605,437.8344042624904,434.32316540516723,435.4408264160156,37928700,0.828717928549306
2024-03-14 00:00:00-04:00,436.6771619918081,437.2013711940787,431.6229968703131,434.34295654296875,52195200,1.1316510941926
2024-03-15 00:00:00-04:00,431.3065006408254,434.07590215099276,428.01285972544184,429.17999267578125,73069800,1.527483010702967
2024-03-18 00:00:00-04:00,434.5112345408061,436.799019433192,433.0355416540417,433.27325439453125,47323800,0.9959319907991018
2024-03-19 00:00:00-04:00,431.2627894960799,434.75884433085054,429.16314971327625,434.352783203125,43004100,0.9156173024951599
2024-03-20 00:00:00-04:00,435.5511236461475,439.83947355327797,433.8476617642306,439.50274658203125,43653500,0.9355446421003554
2024-03-21 00:00:00-04:00,444.563615836014,445.01918405535713,441.38449136499906,441.5825500488281,39345700,0.8565712289058529
2024-03-22 00:00:00-04:00,441.06758254728834,443.1869888891585,440.2158364708192,442.0876770019531,28253900,0.6229644826966559
2024-03-25 00:00:00-04:00,439.2848593167333,441.968822012634,438.284591919368,440.4832458496094,27789200,0.6162880824993763
2024-03-26 00:00:00-04:00,442.0083930206614,442.9294731649867,438.8292686570567,439.05706787109375,34142000,0.7568158759763606
2024-03-27 00:00:00-04:00,442.14705477846104,442.24609922763113,437.680413070755,440.5525207519531,41359200,0.9083204509362405
2024-03-28 00:00:00-04:00,440.50303286410514,441.35477889519336,439.3838940102981,439.7404479980469,36839600,0.8141180744793532
2024-04-01 00:00:00-04:00,440.69121403763677,443.2265949148535,438.75995295363714,440.6714172363281,38729000,0.8607452472767366
2024-04-02 00:00:00-04:00,435.8482526807904,437.18527735648325,433.81797721986425,436.86834716796875,44259700,0.9729239111630477
2024-04-03 00:00:00-04:00,434.7389953416227,439.7305396599772,434.7291120530437,437.84881591796875,39949800,0.8958747285031876
2024-04-04 00:00:00-04:00,442.03808884575557,442.6521523298876,430.9259788696009,431.1537780761719,57267700,1.2685358034631953
2024-04-05 00:00:00-04:00,432.5799772284299,438.90854629943993,431.7678549915394,436.2344970703125,54744600,1.1990769153939866
2024-04-08 00:00:00-04:00,437.1654594542943,438.2449745217014,434.9767190047488,436.3632507324219,28144900,0.6476335290123939
2024-04-09 00:00:00-04:00,438.7005306265955,438.9778369644632,433.23362129829235,437.9775695800781,39443600,0.9143745735268908
2024-04-10 00:00:00-04:00,432.7979025804434,435.0163535535285,432.0848247356478,434.15472412109375,61502200,1.4155582934823814
2024-04-11 00:00:00-04:00,436.0264933000666,442.0381015377106,433.7485918413182,441.08734130859375,45474600,1.0376499685507719
2024-04-12 00:00:00-04:00,436.85846821982966,437.9874904694582,432.67904576765784,434.0556640625,53665000,1.2224904064743585
2024-04-15 00:00:00-04:00,437.8092033901657,437.89833433442107,426.07314547720983,426.91497802734375,63453600,1.4614824487528413
2024-04-16 00:00:00-04:00,426.75656194173274,429.58907657784675,425.5681189910766,426.95465087890625,47619000,1.0964024374168888
2024-04-17 00:00:00-04:00,428.93534570732106,428.955142507988,420.814184263637,421.7451477050781,56880500,1.2890512174662185
2024-04-18 00:00:00-04:00,422.3889011950564,424.12207335388047,418.76409179599244,419.3385314941406,46549400,1.0514729168257262
2024-04-19 00:00:00-04:00,418.1600270876362,418.6849295159116,409.09801750840364,410.6628112792969,75231000,1.6331514704517591
2024-04-22 00:00:00-04:00,413.2972043639061,417.1299861620728,409.9596146373191,414.7926940917969,47807700,1.0162636579620414
2024-04-23 00:00:00-04:00,416.7239047204478,422.1809307549363,414.84218098500753,420.9825744628906,44384700,0.9271461065553652
2024-04-24 00:00:00-04:00,424.0825040686884,425.5977906054682,420.1209674785059,422.40875244140625,48440300,0.9969744154362955
2024-04-25 00:00:00-04:00,415.2085773684092,421.23012899767605,414.1191791506443,420.3684997558594,57392200,1.1620452386571045
2024-04-26 00:00:00-04:00,423.50799654883156,428.3905823609107,422.8147458909901,426.8554992675781,41874900,0.843559481006722
2024-04-29 00:00:00-04:00,428.9650653893637,429.58901220141706,425.8453615532208,428.5887145996094,30022200,0.6101405984467552
2024-04-30 00:00:00-04:00,427.0040887581163,428.40053393359545,420.4279542033129,420.5071716308594,43665900,0.887957037308475
2024-05-01 00:00:00-04:00,419.08100564564097,426.003810722956,416.6149590273703,417.4666748046875,52251700,1.0494251094856206
2024-05-02 00:00:00-04:00,421.210392646071,423.69626668620623,416.5853153084368,422.7950134277344,36559000,0.7498459143458103
2024-05-03 00:00:00-04:00,430.2625029825838,432.28289516035596,428.4599965320628,431.2925109863281,48515300,1.0014741798681093
2024-05-06 00:00:00-04:00,433.0949563675479,436.1057325049194,432.32245797578884,436.0166015625,30227200,0.6226250308972563
2024-05-07 00:00:00-04:00,436.462257752822,437.72003460073387,435.353002241703,436.0859069824219,30996100,0.6440664406955754
2024-05-08 00:00:00-04:00,433.4613975113601,437.23475829824343,433.3425260379063,435.8283996582031,24896700,0.5377797122173177
2024-05-09 00:00:00-04:00,436.09580737355435,437.3536144949182,434.2437939852255,436.7791748046875,24580100,0.5431991270838801
2024-05-10 00:00:00-04:00,438.2845993624885,440.03756838394236,436.2642072837091,437.8092041015625,27116600,0.6173638740615581
2024-05-13 00:00:00-04:00,439.7206501782885,439.81969463835946,437.4031548884309,438.81939697265625,22994200,0.5487845115904482
2024-05-14 00:00:00-04:00,438.39350918357906,442.176783642096,438.20533378949784,441.6419677734375,34478300,0.8359753850331691
2024-05-15 00:00:00-04:00,444.117964477458,448.79257895175203,442.60267791185663,448.54498291015625,41464700,1.0245176899522415
2024-05-16 00:00:00-04:00,448.35675006791064,450.31772134684235,447.46541047716795,447.6337890625,34780400,0.872039787423315
2024-05-17 00:00:00-04:00,447.7625648640613,448.3667149138811,445.217300561421,447.41595458984375,35803700,0.9443748179200079
2024-05-20 00:00:00-04:00,447.63376566576335,451.19912384238137,447.4455902901604,450.53558349609375,24474200,0.6660385697242034
2024-05-21 00:00:00-04:00,448.6836440370662,451.60525914677277,448.4855551173019,451.4170837402344,23167700,0.6492266934042724
2024-05-22 00:00:00-04:00,451.674582383685,452.4272839916617,448.72322680557244,451.32794189453125,25120000,0.727714011869676
2024-05-23 00:00:00-04:00,456.12139940247897,456.1511097174414,447.50507559800815,449.29766845703125,40899200,1.2138276369622791
2024-05-24 00:00:00-04:00,450.9119615250611,454.8140770907989,449.20849975410897,453.54638671875,29669500,0.8967893523587666
2024-05-28 00:00:00-04:00,454.76454307996664,455.31915573278667,452.29849645495904,455.2597351074219,26216800,0.7970118440019134
2024-05-29 00:00:00-04:00,451.10014308429754,453.83358254085584,450.961474808148,452.0509033203125,29739200,0.9236484910488475
2024-05-30 00:00:00-04:00,451.12000700846625,451.25867530524874,445.8808660823192,447.2079772949219,30536800,0.9815187396030154
2024-05-31 00:00:00-04:00,447.43572531572056,448.12900627200275,438.79957479670367,446.3760070800781,55941300,1.743757188856921
2024-06-03 00:00:00-04:00,450.198921679843,451.1991890997421,443.59304622749636,448.77276611328125,32997500,1.0540645091632297
2024-06-04 00:00:00-04:00,448.5152478071342,451.19918028695116,446.7919891245828,450.0008239746094,23767400,0.7671352610320438
2024-06-05 00:00:00-04:00,453.5761340823465,459.15197133792043,450.04045548956805,459.07275390625,33817400,1.0865696636435622
2024-06-06 00:00:00-04:00,459.7561086538658,460.0730388200298,457.7456301374567,458.9142761230469,21966800,0.7091419681766133
2024-06-07 00:00:00-04:00,458.54783305481715,461.2614757860569,457.39898388506356,458.5082092285156,25829700,0.8321673297556917
2024-06-10 00:00:00-04:00,457.3791938933102,460.7167834859618,457.0919740405648,460.3602294921875,20660800,0.6726335350504683
2024-06-11 00:00:00-04:00,459.0826602839929,463.63843324942377,457.58717060137843,463.5195617675781,22053300,0.7190691257868023
2024-06-12 00:00:00-04:00,467.4513734442813,471.9180153282366,466.7581227209805,469.5906066894531,34532600,1.1258690758168295
2024-06-13 00:00:00-04:00,473.12634000798266,473.78991071888055,469.8580842460955,472.1359558105469,25859000,0.8650906531971371
2024-06-14 00:00:00-04:00,471.93778416046285,474.65145693819255,471.47230246029227,474.5821228027344,23372600,0.7971208618997639
2024-06-17 00:00:00-04:00,474.8495341233791,482.17837014074405,473.54225013126796,480.39569091796875,37054500,1.2610513645011718
2024-06-18 00:00:00-04:00,480.34616130196366,481.22758735971564,478.7813376310776,480.5442199707031,24438600,0.8317531443958868
2024-06-20 00:00:00-04:00,481.7426539314576,482.1585983337423,475.0080238231674,476.8402404785156,33918700,1.1336621146316033
2024-06-21 00:00:00-04:00,476.5629502483652,477.8999748920205,474.0671930779008,475.5626525878906,37456800,1.2266268890349803
2024-06-24 00:00:00-04:00,474.33462491563307,476.07055198559976,470.00970114624135,470.1485595703125,37751000,1.242667018664035
2024-06-25 00:00:00-04:00,472.2415535989698,475.8225082162818,471.2991811880129,475.5249328613281,29014700,0.9561206441317757
2024-06-26 00:00:00-04:00,474.70164761362236,477.0526142888038,474.2850420666445,476.50701904296875,22737100,0.7535755489556809
2024-06-27 00:00:00-04:00,476.25899140241336,479.2150378931876,475.44557836994903,477.73699951171875,26222100,0.8741738809961918
2024-06-28 00:00:00-04:00,478.5305603111117,483.2820485793814,474.6123133006489,475.257080078125,34881600,1.1544970944448167
2024-07-01 00:00:00-04:00,476.1796388241986,478.60991833266274,472.4300379129382,478.0445251464844,24898300,0.868701159481221
2024-07-02 00:00:00-04:00,476.54663965537014,483.1233273257318,476.4176802465926,483.0638122558594,26723600,0.9427035508538043
2024-07-03 00:00:00-04:00,482.3099405032558,487.22014593921017,482.3099405032558,487.0911865234375,18064900,0.6437333820813068
2024-07-05 00:00:00-04:00,487.9343625597004,492.606477483476,487.63675691869634,492.1700134277344,28495900,1.0251566466870266
2024-07-08 00:00:00-04:00,492.5370618394464,493.8960398899425,491.51534598400906,493.3405456542969,22109400,0.7951946067726092
2024-07-09 00:00:00-04:00,494.8582194823918,495.9791371759557,492.2493643773,493.7670593261719,25614500,0.9216169539092577
2024-07-10 00:00:00-04:00,495.6914190828017,499.4707773682386,494.3820572776978,498.915283203125,28046900,0.9959021465039882
2024-07-11 00:00:00-04:00,499.02445931370636,499.2327620763541,486.783697768007,487.9740295410156,49966600,1.690461151425487
2024-07-12 00:00:00-04:00,488.5493686532913,495.60217729832374,488.0831470637036,490.8407897949219,37109400,1.2500298954316749
2024-07-15 00:00:00-04:00,492.61635700216624,496.98099738699784,490.1166331862592,492.1600646972656,31151400,1.0400638633948363
2024-07-16 00:00:00-04:00,493.61821597930003,494.43162893786797,489.1841617820423,492.3485107421875,25950600,0.8627099503230184
2024-07-17 00:00:00-04:00,484.3533794143371,484.8691868130836,477.82630736398596,477.8957214355469,56268800,1.8127224776098871
2024-07-18 00:00:00-04:00,481.625500179522,481.8040454037507,472.43995686345664,475.6340637207031,49347400,1.5284228060131042
2024-07-19 00:00:00-04:00,475.2968039165522,477.81638642453595,470.1287097527732,471.4182434082031,42042900,1.286002882295265
2024-07-22 00:00:00-04:00,477.2906090401018,479.4629999102959,473.8683411563272,478.4412841796875,40300000,1.2273542855602682
2024-07-23 00:00:00-04:00,477.5386298673129,480.53433291634104,476.27885377433194,476.7549743652344,23282500,0.7250533532763879
2024-07-24 00:00:00-04:00,470.0096721923519,470.37669190670323,458.79062664163604,459.65362548828125,58818600,1.7504689133338045
2024-07-25 00:00:00-04:00,459.9908707311392,464.17693566447775,451.9659322987188,454.5846862792969,59256800,1.6726163576939004
2024-07-26 00:00:00-04:00,458.92951431196497,462.1831364163313,456.0726694842939,459.2469482421875,39992100,1.1073202512673708
2024-07-29 00:00:00-04:00,461.964875633635,464.1471959279414,457.90776995790696,460.16943359375,28218500,0.7886017239213474
2024-07-30 00:00:00-04:00,462.1037156247108,462.8079974432249,450.4977930254048,453.8506164550781,41317200,1.1287649676673797
2024-07-31 00:00:00-04:00,464.1075206769537,468.9879687874832,462.65927004857963,467.28179931640625,44552100,1.1882041294481378
2024-08-01 00:00:00-04:00,467.96623233847004,471.7257322990173,452.3131324101359,455.9635314941406,56653900,1.437012639894584
2024-08-02 00:00:00-04:00,447.2640710604141,449.92251191215183,440.89568575875717,445.1412658691406,66323200,1.605261285299159
2024-08-05 00:00:00-04:00,421.2945574349509,438.7331994932411,420.04471069161315,431.86883544921875,87483500,1.9621801982265499
2024-08-06 00:00:00-04:00,433.71393042413985,443.47479628382376,431.0653884921357,435.99542236328125,63164400,1.3594752222983173
2024-08-07 00:00:00-04:00,442.89943365435545,445.3892585731149,430.87690439120644,431.273681640625,54929200,1.1489912816166772
2024-08-08 00:00:00-04:00,437.5131289308338,445.37935104842387,433.6345683136623,444.4667663574219,47890100,1.0039299719952548
2024-08-09 00:00:00-04:00,443.1474028666421,448.4246278308147,442.0264852411968,446.78790283203125,33574000,0.7064364537538089
2024-08-12 00:00:00-04:00,447.7600513399567,450.7160675662323,444.94286325571886,447.7501220703125,27795000,0.5869119583496276
2024-08-13 00:00:00-04:00,452.15439894866176,459.127863960262,452.01551026850075,458.8600158691406,40084500,0.8339690211544909
2024-08-14 00:00:00-04:00,459.7825457496771,461.3696546201234,454.7136237077934,459.0088195800781,34733700,0.73920394109302
2024-08-15 00:00:00-04:00,464.9904010797495,471.00166619752633,464.61345206705624,470.6048889160156,38280600,0.8243974756776407
2024-08-16 00:00:00-04:00,468.81933774654357,472.57886826671006,467.85713696240066,471.2099609375,38383600,0.829885620358614
2024-08-19 00:00:00-04:00,471.34882847524597,477.43943656320204,469.5632854107965,477.3997497558594,23737700,0.5225856361764688
2024-08-20 00:00:00-04:00,476.4871607951865,479.0563290804587,474.701617746839,476.39788818359375,29209300,0.6388749756670509
2024-08-21 00:00:00-04:00,477.1815214231533,480.4748301983497,475.4654529623726,478.619873046875,25658800,0.582335173395797
2024-08-22 00:00:00-04:00,480.9410251114475,481.63540798205025,469.999727033811,471.0313720703125,37739600,0.8779499395734197
2024-08-23 00:00:00-04:00,475.3860251970434,478.8578788029496,471.45787930770894,476.1399230957031,36061500,0.8427647704391169
2024-08-26 00:00:00-04:00,475.5943896395711,476.51690353621575,469.4343071814681,471.5174255371094,27452600,0.642147681148318
2024-08-27 00:00:00-04:00,469.88070629501414,473.99732698185517,467.91661806023484,472.926025390625,27510000,0.6540521693978476
2024-08-28 00:00:00-04:00,472.45978526636225,473.18389538693333,464.1273423400533,467.55950927734375,37372400,0.896180220172328
2024-08-29 00:00:00-04:00,469.47401742424904,474.0866174099052,465.59545688476163,466.8750915527344,41081500,1.0038667496186766
2024-08-30 00:00:00-04:00,471.2198521417753,473.06487994276785,466.7262825127219,472.43994140625,33466500,0.8519892541895868
2024-09-03 00:00:00-04:00,469.3946718201247,469.52360096835037,455.7155586156468,458.09625244140625,44985200,1.210727560999701
2024-09-04 00:00:00-04:00,454.9814822083975,460.7149994098257,454.0490390759713,456.9058532714844,32505100,0.9124867411915685
2024-09-05 00:00:00-04:00,455.2790975704819,461.6176953020326,454.25738174267235,457.33245849609375,34452400,0.9957713735239513
2024-09-06 00:00:00-04:00,456.6281350612839,457.51099244826287,444.5857774590215,445.0817565917969,50624400,1.457428757159119
2024-09-09 00:00:00-04:00,449.4165929026836,451.79728659834745,446.2026579271455,450.8053283691406,32981200,0.9503085653167859
2024-09-10 00:00:00-04:00,452.5710054219236,455.4774659929205,448.593273572777,454.9715576171875,29680300,0.8528810810445792
2024-09-11 00:00:00-04:00,456.2115530037745,465.595470202267,447.6509478882776,464.85150146484375,57843000,1.6207982689965275
2024-09-12 00:00:00-04:00,464.8812634483093,470.22793335635157,463.09575057028786,469.4145202636719,40067800,1.1143975018547658
2024-09-13 00:00:00-04:00,468.6804395051492,472.69785826290064,468.4522782122762,471.5174255371094,29111800,0.8201376850249048
2024-09-16 00:00:00-04:00,469.38474036680077,470.0493354611843,466.11129015562886,469.434326171875,22585600,0.6507630379295307
2024-09-17 00:00:00-04:00,472.4598133335985,473.75927624673307,467.18258806697463,469.68231201171875,30084400,0.8589733742923
2024-09-18 00:00:00-04:00,470.8825665914544,474.9793285022384,467.04366295376417,467.6487731933594,39909200,1.1223480971515662
2024-09-19 00:00:00-04:00,478.7289622118295,482.3198765482769,476.6260155402931,479.4729309082031,52782500,1.4298446289230486
2024-09-20 00:00:00-04:00,478.6099190548314,479.8002810455393,474.45361162895745,478.5603332519531,34577700,0.9407168831960275
2024-09-23 00:00:00-04:00,479.739459361221,480.9215509099298,478.39842782200384,479.828857421875,24843000,0.6863497811764504
2024-09-24 00:00:00-04:00,481.23941740642243,483.09698124372767,476.97795812602965,482.14337158203125,25952600,0.7184940102428432
2024-09-25 00:00:00-04:00,481.5175252200048,484.54726755271423,481.3387291034352,482.5903625488281,26549900,0.7360083386870865
2024-09-26 00:00:00-04:00,490.0901931881352,490.41801640583714,482.5705094037965,486.21612548828125,32020200,0.8942887230254029
2024-09-27 00:00:00-04:00,487.2392922329425,487.3783761028853,482.3321295557156,483.51422119140625,22851100,0.654877621874095
2024-09-30 00:00:00-04:00,482.55062394036867,485.163145041189,479.7096512380656,484.8254089355469,30281100,0.8717892983689812
2024-10-01 00:00:00-04:00,484.45789556530616,484.7558891089586,474.22634938914285,478.07061767578125,42735400,1.2343446430709317
2024-10-02 00:00:00-04:00,477.1666675287949,480.6632868155441,474.54423337843764,478.7461242675781,23744000,0.6945964004086137
2024-10-03 00:00:00-04:00,476.5507507116233,481.3287721276597,475.80573659916814,478.3884582519531,25337200,0.751218864259259
2024-10-04 00:00:00-04:00,484.2095544580303,484.63668863947703,479.1831946220503,484.0804138183594,30686600,0.9375327477763592
2024-10-07 00:00:00-04:00,482.16321764841706,483.3353659172032,477.6732465009889,478.89508056640625,24975100,0.7724833112569467
2024-10-08 00:00:00-04:00,481.4380421027617,486.7325955637371,480.6334293107615,486.04718017578125,28272000,0.8763655627266896
2024-10-09 00:00:00-04:00,485.74920714012944,490.447773778929,484.7061994960775,489.8716125488281,24995000,0.8163469267044896
2024-10-10 00:00:00-04:00,487.5869454823355,491.1828756848467,486.2757132704031,489.31536865234375,25750400,0.8611528768413337
2024-10-11 00:00:00-04:00,487.47765277868115,491.10341258908966,486.9114650593824,490.0802307128906,20644500,0.7003150561206966
2024-10-14 00:00:00-04:00,492.47417787856716,495.5138329915702,491.9675889028676,494.19268798828125,26060100,0.8788470488253981
2024-10-15 00:00:00-04:00,494.5205236931824,495.1860830208678,485.43135691832794,487.5869445800781,34784500,1.1638436736566882
2024-10-16 00:00:00-04:00,487.91470906379936,488.4213283685863,484.32872229968694,487.6465148925781,22996800,0.7918467005612736
2024-10-17 00:00:00-04:00,493.1397531110063,493.18940859356604,487.92465422473487,487.9842529296875,27210700,0.980092672383907
2024-10-18 00:00:00-04:00,490.77558329020013,492.27555480613046,490.0206259209049,491.182861328125,25335000,0.9279791482151373
2024-10-21 00:00:00-04:00,489.97096880094847,492.93116924698734,488.0438631229109,492.1265563964844,30336500,1.100107756998992
2024-10-22 00:00:00-04:00,489.4544252444945,494.1430486957189,488.6994678951957,492.6629333496094,26685800,0.9664357877265791
2024-10-23 00:00:00-04:00,490.30873810325465,490.96435423225506,481.82550131944987,485.1134948730469,39346600,1.3926802048531755
2024-10-24 00:00:00-04:00,488.83855437960295,489.7226524208326,486.186320885323,489.04718017578125,22024900,0.7936138745594342
2024-10-25 00:00:00-04:00,491.8484255582351,496.95424013060915,491.1431236657781,492.0272216796875,38762100,1.3577766595915015
2024-10-28 00:00:00-04:00,495.14634485652994,495.20594356524737,491.808695909538,492.106689453125,20477800,0.7298368917298245
2024-10-29 00:00:00-04:00,492.4245661860894,498.01714406315233,490.5670023757053,496.8350524902344,28014100,1.0253317978177647
2024-10-30 00:00:00-04:00,496.0701694991744,497.023779122654,492.5934368006454,493.0801696777344,29756000,1.0772344442057107
2024-10-31 00:00:00-04:00,489.1067461640381,489.1564016466418,480.5341120892308,480.6334533691406,41245200,1.4513766546079885
2024-11-01 00:00:00-04:00,482.27250423331776,487.48760340370893,481.9745106923199,484.1896667480469,33655800,1.1781585002964141
2024-11-04 00:00:00-05:00,483.5837266285996,486.1267058425176,481.03080419194885,482.77911376953125,23291600,0.817757854272149
2024-11-05 00:00:00-05:00,484.36844013699425,489.60342550753097,484.2790420788911,488.9378662109375,24353600,0.860966508580994
2024-11-06 00:00:00-05:00,497.2323769880433,503.04349344647574,496.27876735997705,502.218994140625,43082200,1.4758873627945328
2024-11-07 00:00:00-05:00,505.02028377146155,510.9108857223567,504.9606850609376,510.1260986328125,32853100,1.1119363822561175
2024-11-08 00:00:00-05:00,509.6293527001951,511.4968595467081,509.00353601070395,510.7220764160156,22924500,0.7729136817808724
2024-11-11 00:00:00-05:00,511.9439000672988,512.1525258483883,507.52350112496475,510.4241027832031,24167500,0.8174302131745025
2024-11-12 00:00:00-05:00,510.3546036695217,511.23864109156665,506.4407630739534,509.5002746582031,25835300,0.8872696401216371
2024-11-13 00:00:00-05:00,508.993692609422,511.5564976376752,506.55996758838785,508.84466552734375,24567400,0.8414563702197043
2024-11-14 00:00:00-05:00,508.50691430007294,509.38103874758787,504.39442175455974,505.3083190917969,28679500,0.9798349659930183
2024-11-15 00:00:00-05:00,499.5965697117736,499.9839613152921,491.2027312973252,493.2689208984375,51461100,1.683053686171815
2024-11-18 00:00:00-05:00,494.8185334852246,498.80188548578275,493.4278464758973,496.6959533691406,27080800,0.8904278382658608
2024-11-19 00:00:00-05:00,494.1132725868944,500.5998613443361,493.7755061565385,500.11309814453125,24523000,0.8092035978756714
2024-11-20 00:00:00-05:00,499.81509950184636,500.13297948322725,493.2589688807076,499.8250427246094,29565500,0.9915968077595791
2024-11-21 00:00:00-05:00,502.87458895036497,503.5898037198209,494.25229945698686,501.62298583984375,34526700,1.1342117936450475
2024-11-22 00:00:00-05:00,501.0667550906421,503.16271378627715,499.4376428502107,502.4276428222656,23826600,0.8023946630951697
2024-11-25 00:00:00-05:00,506.51028341338935,508.0499975204078,500.9077927392111,503.2222900390625,26375200,0.8794889232753019
2024-11-26 00:00:00-05:00,504.7023906900349,506.7487241855674,503.8580655412627,505.9242248535156,26557100,0.8877108647986713
2024-11-27 00:00:00-05:00,504.79177253465997,504.86128414559147,498.5932345398961,501.9408264160156,24957400,0.8409831969485574
2024-11-29 00:00:00-05:00,502.56667935921564,506.9473662694866,501.9508058356558,506.3513488769531,15334000,0.5402930386797175
2024-12-02 00:00:00-05:00,507.61295523018157,512.8280546686069,507.2255332922684,511.8644714355469,25147200,0.8995450442337483
2024-12-03 00:00:00-05:00,510.53332774826833,513.712066617979,509.95716654971676,513.4338989257812,18597900,0.6709010352522548
2024-12-04 00:00:00-05:00,516.8610361785198,520.0397754194261,516.145791050347,519.781494140625,26086200,0.9381024698093062
2024-12-05 00:00:00-05:00,519.8310926249068,520.5562202670988,517.9536425774054,518.341064453125,18169600,0.6840505417935093
2024-12-06 00:00:00-05:00,519.0066933159925,523.2184973917406,518.8775526658897,522.9801025390625,23762600,0.9101914391229564
2024-12-09 00:00:00-05:00,522.0561968557913,522.8508664294358,517.7549651808799,518.9072875976562,20674400,0.7953298262149088
2024-12-10 00:00:00-05:00,520.1391033704008,521.8874130414447,515.708730482615,517.13916015625,24350000,0.9363989020867083
2024-12-11 00:00:00-05:00,521.5098801468613,527.0825711722308,521.102632441208,526.3971557617188,32168600,1.2221861709524198
2024-12-12 00:00:00-05:00,524.172087298011,525.4436072298987,522.5231493050896,522.9999389648438,23577500,0.8974709609001088
2024-12-13 00:00:00-05:00,526.9336318983244,529.6255775680266,523.7946049815864,527.003173828125,28780400,1.095307559077473
2024-12-16 00:00:00-05:00,529.5361568963015,535.5658114467504,529.4566717517013,534.59228515625,31979900,1.263926254138502
2024-12-17 00:00:00-05:00,532.7943729529336,533.9069225697383,530.5792169420574,532.2380981445312,28579100,1.1261836284864077
2024-12-18 00:00:00-05:00,531.5924949709128,533.3109750076851,511.58636557301924,513.03662109375,54703200,2.0346385315306823
2024-12-19 00:00:00-05:00,517.7252440498319,518.2914620886642,510.4141862887627,510.75189208984375,46441800,1.6747993221725244
2024-12-20 00:00:00-05:00,507.0467099804337,521.3311197650482,505.9043609895219,515.2120361328125,60530000,2.0850890640988347
2024-12-23 00:00:00-05:00,516.9283129789839,520.6096547422801,513.5255874709457,520.2315673828125,29672800,1.0119552578596898
2024-12-24 00:00:00-05:00,522.1817089140545,527.3753394867748,521.5449237989343,527.2858276367188,17558200,0.6079415485297714
2024-12-26 00:00:00-05:00,525.6541636548213,528.5594126577853,523.6542961736733,526.9276733398438,19090500,0.6696526053241425
2024-12-27 00:00:00-05:00,523.3557601634299,523.7935423499296,515.2468608204825,519.9231567382812,33839600,1.168810288000815
2024-12-30 00:00:00-05:00,512.9087686326234,516.7393174088666,509.2473146765622,513.0082397460938,34584000,1.1560881072583942
2024-12-31 00:00:00-05:00,514.2917011100618,515.0478150719294,507.6851925636333,508.6502990722656,29117000,0.9669192859667857
2025-01-02 00:00:00-05:00,511.70483525262233,514.0330543562292,503.1581839494331,507.6553955078125,36389800,1.1737600136245934
2025-01-03 00:00:00-05:00,510.7596061768049,517.0278648918753,509.9437973453937,515.9632568359375,29059500,0.9328465712242698
2025-01-06 00:00:00-05:00,521.3758536522039,525.2561381071918,519.3959047599175,521.8931884765625,36109700,1.1267229003105612
2025-01-07 00:00:00-05:00,522.9378882230591,523.335833378113,510.6900071781392,512.5803833007812,36690300,1.1222054628539724
2025-01-08 00:00:00-05:00,512.4809392152073,514.3116206247583,507.99368681971373,512.6699829101562,30777800,0.9270425875192414
2025-01-10 00:00:00-05:00,508.89906782286687,508.9985389290603,501.3772182340775,504.6307067871094,40532500,1.1918130171592258
2025-01-13 00:00:00-05:00,498.6709567862965,503.4666119884404,497.17852578677275,503.0089416503906,31694200,0.9325830893804662
2025-01-14 00:00:00-05:00,506.1728767537031,507.58572476161,499.0589618879038,502.5313415527344,33737200,0.9780776743360138
2025-01-15 00:00:00-05:00,510.44124844999436,515.236872995838,508.87913311499364,514.0927124023438,34957600,1.0044642247832647
2025-01-16 00:00:00-05:00,516.3611584025571,516.4407717185975,510.36161793099694,510.490966796875,28229000,0.815520809228683
2025-01-17 00:00:00-05:00,520.2116841905068,521.4255596709942,510.5208417683664,519.1072998046875,51837900,1.4488913882780945
2025-01-21 00:00:00-05:00,521.8334018984197,523.3158734926727,517.4357226652137,522.1517944335938,23628000,0.6903953293417723
2025-01-22 00:00:00-05:00,526.8977897673428,531.1263442087582,526.5893564607029,528.8280029296875,33593000,1.0003445356555691
2025-01-23 00:00:00-05:00,526.3704605822451,530.0717211689421,525.7834717090722,529.9523315429688,23096600,0.7283751122682732
2025-01-24 00:00:00-05:00,530.3303669169458,531.0964401539385,525.4849461020708,526.9574584960938,19878300,0.6367161343669218
2025-01-27 00:00:00-05:00,508.4214713506537,515.3761897844846,507.5757544156117,511.61529541015625,60771700,1.8205634331924037
2025-01-28 00:00:00-05:00,512.6201673808628,520.3609385993179,509.1975535777298,519.1769409179688,33194200,0.9738397656860704
2025-01-29 00:00:00-05:00,519.8237453870555,519.9530942793344,514.2918029729001,518.2019653320312,26649000,0.7901533414585296
2025-01-30 00:00:00-05:00,521.0674092489711,523.4453032843132,515.5951619544196,520.4107055664062,27431300,0.8220660480635613
2025-01-31 00:00:00-05:00,524.2611216563674,528.8379462917052,518.5600549193936,519.6544799804688,38755200,1.1448882502664648
2025-02-03 00:00:00-05:00,510.8789438178903,518.2217083708772,508.47117241208633,515.4955444335938,40580800,1.1914437353402902
2025-02-04 00:00:00-05:00,516.0129890744747,522.4602714517823,515.614983190396,521.823486328125,26046800,0.7681256802101945
2025-02-05 00:00:00-05:00,519.1868804659659,524.3506939252882,517.9929235736566,524.1914672851562,21134100,0.6373222579990968
2025-02-06 00:00:00-05:00,524.6989858456699,527.136635565115,523.0871650426626,526.9276733398438,19434500,0.6017248444446303
2025-02-07 00:00:00-05:00,527.4649102497111,529.4149811581992,519.5550140724782,520.2813110351562,29605500,0.9183026839544322
2025-02-10 00:00:00-05:00,524.5595601596075,527.68372994529,524.0919609808617,526.579345703125,20852800,0.6671746324673332
2025-02-11 00:00:00-05:00,523.306019618235,527.2459985319832,523.1766707420592,525.3257446289062,19325500,0.6307905976280276
2025-02-12 00:00:00-05:00,519.6644316230244,526.5196788561027,519.3162220342847,525.6341552734375,25009400,0.8281104721236957
2025-02-13 00:00:00-05:00,527.3056301742746,533.5141325782865,526.5196384823547,533.19580078125,28714800,0.9607332873400467
2025-02-14 00:00:00-05:00,533.3053539754828,536.1210910668774,532.9670428633523,535.4345703125,17862600,0.6081899619000276
2025-02-18 00:00:00-05:00,537.0064842826905,537.2751412860282,533.3351017214825,536.6483154296875,20565000,0.7395764760376682
2025-02-19 00:00:00-05:00,535.8523889660353,538.0810762342214,533.7530505774469,536.797607421875,19666900,0.7123520377856015
2025-02-20 00:00:00-05:00,536.0115349648631,536.3796630770588,529.7732148425396,534.5191040039062,26550800,0.9741164333076878
2025-02-21 00:00:00-05:00,535.6632745780284,535.6831930883143,523.0572259266131,523.4253540039062,47093800,1.654960351277316
2025-02-24 00:00:00-05:00,525.2162949415896,526.400292568826,516.908453766449,517.2467041015625,39268400,1.3344953578773353
2025-02-25 00:00:00-05:00,516.6199080719186,516.6995213959628,506.86937096397327,510.72979736328125,48940000,1.697297675978452
2025-02-26 00:00:00-05:00,512.928668459214,517.0377726397771,508.7896257822196,511.9635314941406,34457600,1.1924183762878393
2025-02-27 00:00:00-05:00,515.5155305487389,516.4507897553704,497.5267448876785,497.7456359863281,52448000,1.737425709382026
2025-02-28 00:00:00-05:00,497.60630544462947,506.21265072070776,494.4224407770984,505.6057434082031,47654000,1.527453797599711
2025-03-03 00:00:00-05:00,508.93885561166286,510.4511747502602,491.08937854664106,494.5418701171875,44587200,1.4159195361691082
2025-03-04 00:00:00-05:00,491.68635636601033,501.19811409825184,485.2788502299198,493.0494384765625,67875400,2.0659294702683684
2025-03-05 00:00:00-05:00,493.6961873600139,501.08868829896096,488.7811121667995,499.47686767578125,46323700,1.3677517457224264
2025-03-06 00:00:00-05:00,491.1988602040493,496.06416964846954,483.7466641946697,485.736572265625,57574300,1.6131543090866451
2025-03-07 00:00:00-05:00,484.7017992368597,490.7909129209113,478.1052492912749,489.3084411621094,54714700,1.460830361729372
2025-03-10 00:00:00-04:00,481.0105123404904,481.527877477655,466.29513451841564,470.3446044921875,76668000,1.9259617091139152
2025-03-11 00:00:00-04:00,469.96649132070996,476.3938851576426,464.65344101869744,469.22027587890625,68760800,1.629285280244589
2025-03-12 00:00:00-04:00,476.74214541675576,478.6325518771569,469.4093395543602,474.5134582519531,46971100,1.0776815361592462
2025-03-13 00:00:00-04:00,473.84683526899994,473.876682674001,464.07637985083835,465.97674560546875,46563300,1.042547055707384
2025-03-14 00:00:00-04:00,471.3395844196507,478.135107096926,470.7326466711819,477.2396545410156,43563000,0.9594226945984213
2025-03-17 00:00:00-04:00,477.1898651106022,483.3884393542646,475.3890008308422,480.33392333984375,41744400,0.8958118023533289
2025-03-18 00:00:00-04:00,476.9908983924578,477.1898709733085,470.0262204273719,472.1454772949219,39072300,0.8221440199171445
2025-03-19 00:00:00-04:00,474.40404090778907,482.88103853215034,472.47382761048715,478.4634704589844,40430300,0.8325320554895074
2025-03-20 00:00:00-04:00,474.4736793716476,482.10495972485467,473.77719941007575,476.8416748046875,36780500,0.7494823181225947
2025-03-21 00:00:00-04:00,471.687797271606,479.17979996791263,470.5237180500232,478.4136962890625,42234900,0.8649092867025949
2025-03-24 00:00:00-04:00,486.0025586791713,489.75914861467663,482.6744601047364,488.91217041015625,34567200,0.7113099730258546
2025-03-25 00:00:00-04:00,489.63957585890734,491.86161264912084,488.67302999487,491.7021789550781,26035200,0.5486720646928603
2025-03-26 00:00:00-04:00,490.546311274139,491.4032635851384,481.10010049777014,482.654541015625,34627100,0.7296095198101465
2025-03-27 00:00:00-04:00,480.69152170184447,484.84664994408064,478.5392125885613,479.9043273925781,33469800,0.719612580803709
2025-03-28 00:00:00-04:00,478.10080496658304,478.80826727024373,466.3826870366339,467.26953125,46363800,0.9982226805766222
2025-03-31 00:00:00-04:00,460.2745089570581,468.1861962018987,455.70083322189515,467.24957275390625,53000300,1.1308659471626148
2025-04-01 00:00:00-04:00,465.6353253704141,471.94279304476703,462.76561033586444,471.01611328125,41156200,0.9039151198923724
2025-04-02 00:00:00-04:00,464.459587398197,477.8517140049883,464.20050383661044,474.453857421875,49894500,1.0915544299953719
2025-04-03 00:00:00-04:00,454.8140043600852,458.4310779026491,448.5364593153614,449.0545959472656,70456300,1.519971928876852
2025-04-04 00:00:00-04:00,436.57926126906654,438.8012980453069,421.16436767578125,421.16436767578125,117088400,2.3667432952979612
2025-04-07 00:00:00-04:00,407.20423705779143,441.5614201479207,400.95658358107875,422.1806945800781,161557000,3.0
2025-04-08 00:00:00-04:00,436.59916084576554,441.56143170449565,408.33022721914836,414.577880859375,101248100,1.8295253345225622
2025-04-09 00:00:00-04:00,414.08964737996763,466.16346405948764,413.9501314972579,464.3399963378906,142876900,2.3758775352230073
2025-04-10 00:00:00-04:00,451.9442914367033,453.96705879904806,431.0888571820337,444.590576171875,108384100,1.7141919937862495
2025-04-11 00:00:00-04:00,443.06604289719394,454.1663741146707,439.75786224336997,452.78131103515625,52483800,0.8242636994274939
2025-04-14 00:00:00-04:00,462.8054576620582,463.3933522712816,451.01761274443425,455.850341796875,43941200,0.6889128432251058
2025-04-15 00:00:00-04:00,456.9065795217768,460.7328968756089,454.52507867632215,456.3585205078125,35404200,0.5566698988474684
2025-04-16 00:00:00-04:00,447.43044650671294,451.00765441884926,436.2006038899139,442.59771728515625,48980600,0.764993107259138
2025-04-17 00:00:00-04:00,445.57707652380003,446.1549970317344,439.78774529190997,442.51800537109375,44837000,0.6958989655958615
2025-04-21 00:00:00-04:00,436.6688946094812,437.51584230875216,426.40556828000206,431.5671081542969,44149300,0.6842089357709018
2025-04-22 00:00:00-04:00,437.2568260974721,445.9856002161295,436.06108861931057,442.89666748046875,52304400,0.7996036256451517
2025-04-23 00:00:00-04:00,456.53789090300927,461.729322993314,451.2667267648559,452.94073486328125,55801100,0.8340821364876762
2025-04-24 00:00:00-04:00,454.8539073702654,465.99407392862616,454.20619851663224,465.6851806640625,45956100,0.6811575116994951
2025-04-25 00:00:00-04:00,465.30653409695293,471.4047282191122,463.7321758428064,470.8766174316406,38697100,0.5713518370707269
2025-04-28 00:00:00-04:00,471.34492884890216,473.1185867567387,464.36986487736374,470.7271423339844,33550800,0.5000986012925936
2025-04-29 00:00:00-04:00,468.4951374553907,474.722873222181,467.91718654726753,473.8360290527344,30613100,0.4640527423406839
2025-04-30 00:00:00-04:00,465.4659581608863,475.5000933242452,460.7826887017505,473.7762451171875,46810600,0.7065566438793371
2025-05-01 00:00:00-04:00,481.68795952250036,485.4445187613678,479.0274574431888,479.964111328125,43316500,0.6570788905755411
2025-05-02 00:00:00-04:00,484.8068330037864,489.1612611202772,483.10290255126364,487.0886535644531,39218100,0.6093464791988679
2025-05-05 00:00:00-04:00,482.87372581995743,487.2879376271539,482.37550695931134,484.198974609375,28309500,0.4724393680281733
2025-05-06 00:00:00-04:00,477.85168296536403,483.32211645922314,476.48656811897325,479.6950988769531,32786300,0.6130177864400644
2025-05-07 00:00:00-04:00,480.3626833864985,484.06943292672264,475.08157562625235,481.5783386230469,38006300,0.7552718677062519
2025-05-08 00:00:00-04:00,486.78970294145205,490.9448614840613,482.44524921410783,486.5505676269531,39577600,0.8764563416668539
2025-05-09 00:00:00-04:00,488.46373075344206,489.789009962343,484.4680361370782,486.2317199707031,27767400,0.6751861069335243
2025-05-12 00:00:00-04:00,505.1839413174901,506.08075957729017,499.69359025194126,506.0408935546875,45090600,1.1063578785790225
2025-05-13 00:00:00-04:00,507.34623920694446,515.5469326874095,506.60888501619945,513.7533569335938,53269600,1.2922516957443675
2025-05-14 00:00:00-04:00,514.9291062301362,517.3803039371103,513.9127203607696,516.832275390625,47014500,1.1246727942429728
2025-05-15 00:00:00-04:00,514.6800738473207,520.0707756057274,513.334846321635,517.4003295898438,50153300,1.1980781367873934
2025-05-16 00:00:00-04:00,518.8052741008747,519.8416083280616,515.2579579935311,519.6522827148438,48394600,1.1511741145317695
2025-05-19 00:00:00-04:00,512.4081112969848,520.6686187239894,512.4081112969848,520.1504516601562,52536200,1.237348730889805
2025-05-20 00:00:00-04:00,517.6194881585196,519.0743091661009,514.819500517199,518.4166870117188,42517600,1.0130632250753497
2025-05-21 00:00:00-04:00,514.4309376384672,521.1369442471234,509.418826553865,511.21240234375,71292800,1.6679046592112612
2025-05-22 00:00:00-04:00,511.83019075096956,515.8658123150946,510.47504999969107,512.1690063476562,55607200,1.286415030044659
2025-05-23 00:00:00-04:00,504.37683685319297,510.01667798674157,503.77896814055566,507.4259338378906,58368100,1.3202455053473718
2025-05-27 00:00:00-04:00,514.3113346789697,519.8515257666644,512.7568943253785,519.3632202148438,47226300,1.0519557150529215
2025-05-28 00:00:00-04:00,520.3198331572289,521.8144897137478,516.543356152141,517.0614624023438,46637200,1.0206189887452712
2025-05-29 00:00:00-04:00,524.4551068947912,524.6045360691892,515.4771928839561,518.077880859375,58513300,1.2643282271124878
2025-05-30 00:00:00-04:00,517.5895836462355,518.8251566212066,510.10632704393424,517.2607421875,67662800,1.424556026305825
2025-06-02 00:00:00-04:00,515.3974870451045,521.5853877867925,514.1319915550752,521.3462524414062,44762800,0.9369561713626668
2025-06-03 00:00:00-04:00,521.6949026792081,526.8564424978958,520.8280067740416,525.4215698242188,44070300,0.9074920401937782
2025-06-04 00:00:00-04:00,526.1290501987006,527.9525481163902,524.0962784813655,526.8863525390625,41359300,0.8442156876953277
2025-06-05 00:00:00-04:00,528.2913461648635,531.1511175724819,520.7981150051966,522.9205322265625,61031200,1.2171518309717868
2025-06-06 00:00:00-04:00,528.1119586040834,529.9055342244761,526.3283570911045,528.0322265625,42467000,0.8444908490954093
2025-06-09 00:00:00-04:00,528.251567558544,530.4536562468535,527.1255879414605,528.8095703125,33688700,0.6660061044019187
2025-06-10 00:00:00-04:00,529.2777972976213,532.9945512832284,527.0059509616149,532.3070068359375,40664800,0.8074519855096752
2025-06-11 00:00:00-04:00,533.7119535961438,534.8678553808483,528.221572163124,530.5133666992188,53701000,1.065846026820315
2025-06-12 00:00:00-04:00,529.1981197879245,532.735461425523,528.9490103653087,531.7589111328125,34104900,0.6856914345318074
2025-06-13 00:00:00-04:00,525.8002917667119,529.9753685874628,523.8572258903529,525.0828857421875,55814400,1.115818798195359
2025-06-16 00:00:00-04:00,528.6102414640853,533.4628885796845,528.5604317387102,532.38671875,37622100,0.7603127576673726
2025-06-17 00:00:00-04:00,529.8158873625565,531.4301114980193,526.0293756198878,527.1952514648438,42180900,0.861456436875308
2025-06-18 00:00:00-04:00,528.2116221164397,530.6529067451564,525.5212888702348,527.1055908203125,43983500,0.8969281533702584
2025-06-20 00:00:00-04:00,530.3639576995934,531.6593145894406,523.0102423618315,524.9533081054688,61643500,1.2695481342831336
2025-06-23 00:00:00-04:00,525.5229332044729,530.8698234247422,522.3706802794006,530.3511352539062,50666100,1.0488049596333227
2025-06-24 00:00:00-04:00,535.5782888900031,539.3789778904177,534.9598085403529,538.4612426757812,45442000,0.9534199129476132
2025-06-25 00:00:00-04:00,540.7355939583459,541.9825398600767,538.0621492513585,539.8377685546875,44804200,0.9424328474369491
2025-06-26 00:00:00-04:00,542.0225146286602,545.3344108269034,540.197029348474,544.885498046875,43811400,0.924296794220893
2025-06-27 00:00:00-04:00,545.9229263621712,548.646236854107,543.2095402936434,546.7509155273438,57577100,1.2159149703608438
2025-06-30 00:00:00-04:00,549.9131598811205,551.4493754022211,547.6686571277671,550.292236328125,45548700,0.9848964893978975
2025-07-01 00:00:00-04:00,548.386860243991,549.3645072749528,543.3292401455354,545.653564453125,56166700,1.1996973774061306
2025-07-02 00:00:00-04:00,544.8256064072416,549.6538082093174,544.7857260533864,549.4542846679688,36538300,0.7867717151237091
2025-07-03 00:00:00-04:00,551.8284721476665,555.8386700313663,551.8284721476665,554.8610229492188,26443500,0.5786956997483313
2025-07-07 00:00:00-04:00,552.1676854094138,552.9856893302406,548.2373089969742,550.6813354492188,45349300,1.0097614376730997
2025-07-08 00:00:00-04:00,552.0280378347724,552.6565035476941,549.7535788954287,550.9906005859375,36153300,0.810698994197136
2025-07-09 00:00:00-04:00,553.1252961239118,556.2676245184426,551.7486628164066,554.8909912109375,43045500,0.9552280737260186
2025-07-10 00:00:00-04:00,555.5294408217566,555.9384123345195,551.399540909487,554.0929565429688,34710900,0.7753963359843039
2025-07-11 00:00:00-04:00,551.948121861809,554.432028356728,550.7011759598594,552.845947265625,39618600,0.8991711423496999
2025-07-14 00:00:00-04:00,552.6364665235913,555.5892564884584,550.2822471537012,554.85107421875,36453300,0.8251335797494107
2025-07-15 00:00:00-04:00,558.881207037374,559.4298511098242,555.2999512724816,555.3598022460938,43277700,0.9937056605887743
2025-07-16 00:00:00-04:00,555.9184813380132,558.841315448374,550.2124247955553,555.9284057617188,52314700,1.1812797861919873
2025-07-17 00:00:00-04:00,556.6566353219689,560.9361318466856,555.848616792518,560.4273681640625,40423800,0.9145944764546302
2025-07-18 00:00:00-04:00,561.7441739242998,563.350225741294,558.6118309954545,559.8887329101562,50484700,1.1338846431442695
2025-07-21 00:00:00-04:00,560.7167515850907,564.6770230188278,560.6867956545606,562.7916259765625,39595200,0.911885309612229
2025-07-22 00:00:00-04:00,562.9213204064853,562.9711860719661,557.2452194730795,559.8787841796875,43270600,1.0050898372239279
2025-07-23 00:00:00-04:00,560.9661158513218,562.4723754700833,558.2128493506386,562.4324951171875,40215300,0.9398263244756853
2025-07-24 00:00:00-04:00,563.7492795819054,564.8565530178993,561.9137482789852,563.6295776367188,42275500,0.9909008137010136
2025-07-25 00:00:00-04:00,563.5497827933865,566.313034745678,562.8914220636111,564.9862670898438,30630800,0.7292235923739441
2025-07-28 00:00:00-04:00,566.3528450456176,567.6496566103068,565.4849755661548,566.7518920898438,31498700,0.7739094766178171
2025-07-29 00:00:00-04:00,569.3655332995753,570.7122106355441,565.1458874865731,565.8740844726562,45463300,1.1171308775192748
2025-07-30 00:00:00-04:00,566.7918454902335,569.2258866472484,563.6694876691353,566.6322631835938,43433800,1.084223002388427
2025-07-31 00:00:00-04:00,573.1362622854951,573.2260691874027,562.4923482714106,563.6295776367188,64613600,1.5583208454740007
2025-08-01 00:00:00-04:00,557.4646514509443,557.6541896674577,550.3320963877643,552.5267333984375,69400800,1.5913428279303587
2025-08-04 00:00:00-04:00,557.6841517796104,562.9412959282934,557.5844204477802,562.7218017578125,47669800,1.0901562049232412
2025-08-05 00:00:00-04:00,564.0086085828399,565.1757328972536,558.3624034509684,558.901123046875,48666600,1.0972521461830453
2025-08-06 00:00:00-04:00,559.7391099978526,566.3728874107766,559.2603021929511,565.9339599609375,41823700,0.9442706109694128
2025-08-07 00:00:00-04:00,570.2732376717248,571.9192306274066,563.72926797121,567.8491821289062,44463000,0.9929281532302322
2025-08-08 00:00:00-04:00,569.0562817589437,573.3657343884216,568.7570268998204,573.146240234375,35255500,0.7911646640419806
2025-08-11 00:00:00-04:00,573.285909687358,575.39073988548,570.1735373972913,571.4503784179688,33112900,0.7458784308867089
2025-08-12 00:00:00-04:00,573.754745111433,578.9320673642603,571.0912854904631,578.6328125,42143300,0.9505054154718617
2025-08-13 00:00:00-04:00,581.336189461128,581.8948188134602,577.5255153167782,578.922119140625,41209300,0.9412274444749741
2025-08-14 00:00:00-04:00,576.867214657275,580.4583950264449,576.4980626010837,578.4732666015625,45425000,1.031622728357668
2025-08-15 00:00:00-04:00,578.383394008071,578.4233352453067,574.163748420605,575.929443359375,49480200,1.1250014068144842
2025-08-18 00:00:00-04:00,575.0316052093148,576.3583727113783,573.8345249533343,575.699951171875,29831000,0.6858625881397572
2025-08-19 00:00:00-04:00,574.9817743394825,575.1513419461467,566.8616474345037,567.88916015625,53752600,1.2211439191053435
2025-08-20 00:00:00-04:00,566.9415119380282,567.061213891326,557.474707000813,564.5174560546875,76781100,1.6747419788086446
2025-08-21 00:00:00-04:00,562.9711407616691,565.1059268695744,559.6093793059084,561.90380859375,46436900,1.0083011260874186
2025-08-22 00:00:00-04:00,563.2904178641013,572.5876551514443,561.8938747848422,570.5725708007812,51502100,1.0935055636993039
2025-08-25 00:00:00-04:00,569.0063962953644,571.8892890383006,567.7693747773127,568.9265747070312,34044700,0.7208971601335381
2025-08-26 00:00:00-04:00,568.4378222244122,571.5202387152399,567.410309470112,571.2109985351562,34103000,0.7309230070356403
2025-08-27 00:00:00-04:00,570.1935457073605,573.0066024398417,568.9764946916996,572.0888671875,36927100,0.7970088131103893
2025-08-28 00:00:00-04:00,572.707329573353,576.5878402039835,571.0613973569876,575.6701049804688,46787900,1.0296445982219733
2025-08-29 00:00:00-04:00,573.2559494077193,573.6251014295405,567.1509068169219,569.0064086914062,56030400,1.2514522091279419
2025-09-02 00:00:00-04:00,559.9386305753824,564.5872186860805,558.1729354751159,564.2380981445312,65876800,1.4420527878688312
2025-09-03 00:00:00-04:00,567.8392715420716,570.30326864531,565.3453793937941,568.67724609375,54230200,1.1799219922788609
2025-09-04 00:00:00-04:00,569.3455646209001,574.1936761101587,567.6397814409955,573.8245849609375,47526300,1.0276853342772716
2025-09-05 00:00:00-04:00,579.0716958584857,579.7001614686197,570.1336265339671,574.6525268554688,68342500,1.440611012577166
2025-09-08 00:00:00-04:00,576.9569100864685,579.4209069942706,576.3584003727692,577.4556884765625,46371400,0.9661566803800379
2025-09-09 00:00:00-04:00,578.2537612972826,579.5206779783559,575.6301819149563,579.0917358398438,44007600,0.9066166850053162
2025-09-10 00:00:00-04:00,582.3138007742962,582.3437567038031,577.1364785105435,579.28125,49308000,1.008370262566258
2025-09-11 00:00:00-04:00,581.814979655352,583.4509873113628,580.1989426175462,582.6529541015625,44745800,0.9117741571002901
2025-09-12 00:00:00-04:00,583.6105864506874,586.423703827438,582.6728806584372,585.2266235351562,50745900,1.0284612925306904
2025-09-15 00:00:00-04:00,587.0023008473079,590.3440916306826,586.8526429792626,590.234375,44360300,0.9037338460704752
2025-09-16 00:00:00-04:00,591.1621557406676,591.4115449554772,589.0473400699651,589.7356567382812,36942100,0.7471936071046913
2025-09-17 00:00:00-04:00,589.6558208790498,590.3042571762861,582.942282862292,588.5585327148438,69384800,1.3815413713447962
2025-09-18 00:00:00-04:00,593.4564461610391,596.6785957944177,591.5112592506033,593.865478515625,61069300,1.2352915534884643
2025-09-19 00:00:00-04:00,595.8705968632576,598.583922026821,594.3941714550525,597.8856201171875,58196100,1.1633376554956445
2025-09-22 00:00:00-04:00,596.9708269829692,602.0942306490323,596.9508332125652,601.4251098632812,57154800,1.1361032842852243
2025-09-23 00:00:00-04:00,601.5949151722127,601.7946700200599,596.2118359493293,597.4302978515625,64635500,1.2468919575078095
2025-09-24 00:00:00-04:00,598.8085103543956,599.1281059107118,592.5964822123717,595.3329467773438,49850300,0.9472803194624269
2025-09-25 00:00:00-04:00,591.4379907146171,594.354216296693,587.7427395490681,592.7662963867188,70920200,1.3054965631408848
2025-09-26 00:00:00-04:00,593.585214360816,595.5327174506845,590.2994696097071,595.203125,54337400,0.9933387000076871
2025-09-29 00:00:00-04:00,598.3391106571707,601.275330198043,596.6412858554952,597.9595947265625,48332900,0.8898315460139393
2025-09-30 00:00:00-04:00,597.659966987958,599.9370624727763,595.3329480316206,599.5974731445312,46533800,0.8722401000491848
2025-10-01 00:00:00-04:00,596.4015613877941,603.0130380816322,595.5726732971928,602.4737548828125,46899600,0.8851781969502426
2025-10-02 00:00:00-04:00,606.2788672228089,606.378714165839,602.1541765957764,604.9505615234375,43765400,0.8289657475392879
2025-10-03 00:00:00-04:00,605.7296019230981,606.5485541284623,600.6161947999731,602.4038696289062,46482100,0.8990358527539417
2025-10-06 00:00:00-04:00,607.6670775886568,608.5758798079479,605.1902273252953,606.9280395507812,41962100,0.8150876913544036
2025-10-07 00:00:00-04:00,608.2363844032766,608.9254990082667,602.2541015785323,603.732177734375,58209500,1.1152998282584456
2025-10-08 00:00:00-04:00,604.6309888518371,610.9628579603992,604.481218431623,610.6532592773438,50629800,0.968845180014461
2025-10-09 00:00:00-04:00,610.6931491958702,610.8229867928995,606.6982962574127,609.9141845703125,45551000,0.8709869155014963
2025-10-10 00:00:00-04:00,610.6132994204178,612.3909772904724,588.2920219287263,588.741455078125,97614800,1.7864560676217511
2025-10-13 00:00:00-04:00,598.9083327066105,602.1741444216893,596.4614731416003,601.2353515625,65872600,1.1822667702014127
2025-10-14 00:00:00-04:00,594.5439886761187,601.9144974152143,589.3706613014698,597.2305297851562,69203200,1.2070972641673001
2025-10-15 00:00:00-04:00,603.232804101606,605.9193452011472,595.1631839173533,601.445068359375,62805500,1.101825844483007
2025-10-16 00:00:00-04:00,604.3313635356964,607.5272581453062,594.7337437778706,599.2179565429688,70982000,1.2345354786768614
2025-10-17 00:00:00-04:00,597.1806072651552,604.7308770883808,595.6026232431807,603.1528930664062,72024900,1.2377885821513819
2025-10-20 00:00:00-04:00,606.3587502275053,612.0114401498232,606.2888329883251,610.7530517578125,45761700,0.794215907105877
2025-10-21 00:00:00-04:00,610.8529979566828,611.9315643975107,608.5359758597962,610.5933227539062,44538200,0.7867014873568924
2025-10-22 00:00:00-04:00,610.034035159382,610.6232418416384,598.9682752728291,604.7108764648438,61478800,1.0748929872266546
2025-10-23 00:00:00-04:00,604.1316243630486,610.5833341066889,603.7421725102494,609.7943725585938,42844300,0.7679362511982116
2025-10-24 00:00:00-04:00,615.1973511503762,617.6242169779957,614.3384724044602,616.305908203125,47632500,0.8589205523959569
2025-10-27 00:00:00-04:00,623.7164465731967,627.7412294550786,623.2270868116484,627.2818603515625,54098600,0.970473869000935
2025-10-28 00:00:00-04:00,629.5488872669928,633.8633359425862,628.4403301580431,632.1055908203125,61195700,1.0835390269224365
2025-10-29 00:00:00-04:00,634.77220425535,636.190360053584,629.4390484873167,634.9519653320312,67422800,1.1724934580381896
2025-10-30 00:00:00-04:00,631.3565662863019,632.6848720357782,625.1346019679808,625.2444458007812,61628600,1.0553396338352348
2025-10-31 00:00:00-04:00,633.3539723359148,633.3839629929544,625.883616641787,628.2605590820312,66305100,1.1164714268863865
2025-11-03 00:00:00-05:00,634.2927319253315,635.001840248536,629.0394906897283,631.2666625976562,37154300,0.6281614186317827
2025-11-04 00:00:00-05:00,622.478029730703,626.1432903257465,617.6642245044198,618.4531860351562,63830800,1.0740725534236286
2025-11-05 00:00:00-05:00,617.6941518361581,625.7937017112316,616.4158305661566,622.47802734375,48688500,0.8206153557554693
2025-11-06 00:00:00-05:00,620.9899080817669,621.2395864016282,609.5147022540025,610.8829345703125,72115100,1.1888430412842752
2025-11-07 00:00:00-05:00,607.5272307243642,609.1651350193971,597.899620744235,608.9553833007812,81835400,1.3668636849302325
2025-11-10 00:00:00-05:00,618.1235878797521,623.5066669290842,616.0962316788492,622.4280395507812,55919900,0.9418358876663322
2025-11-11 00:00:00-05:00,619.7714893858831,621.9186863012081,616.7254261621581,620.7702026367188,44868800,0.7715172360132969
2025-11-12 00:00:00-05:00,624.0359942081623,624.0559270220305,617.0150110236092,620.2808227539062,47444400,0.8267228358563699
2025-11-13 00:00:00-05:00,616.74538060573,617.324651379383,605.3001653620098,607.6171875,71333600,1.2426135898449817
2025-11-14 00:00:00-05:00,598.7785201159286,612.5607508498654,596.4015776914192,608.0765380859375,80087300,1.385372437130271
2025-11-17 00:00:00-05:00,605.5198574697043,611.6918983068232,599.098138309288,602.8832397460938,63850400,1.0874880809242755
2025-11-18 00:00:00-05:00,598.8484631892511,601.5350044005672,590.5791487748494,595.542724609375,83327300,1.3738339221187503
2025-11-19 00:00:00-05:00,596.3017594726007,605.3800292662713,593.824969985886,599.09814453125,73111500,1.1939545106295453
2025-11-20 00:00:00-05:00,610.8330032979317,613.239936406368,583.997582698434,584.9163818359375,117743200,1.8120000264698093
2025-11-21 00:00:00-05:00,586.7140389774793,596.2118116612933,579.992718365408,589.3107299804688,103344200,1.5250318101712124
2025-11-24 00:00:00-05:00,594.5140557410294,605.8993502749281,594.3941540703303,604.3812866210938,60168100,0.8839313194380681
2025-11-25 00:00:00-05:00,602.7334243546638,609.4747385807095,596.5513870928105,608.1065063476562,57560900,0.8478926969975552
2025-11-26 00:00:00-05:00,611.7218691656304,615.3971266508202,609.6046019291258,613.4796142578125,42393600,0.6362009467919151
2025-11-28 00:00:00-05:00,615.3172117702823,618.5231032781257,614.6280971828623,618.4531860351562,23034400,0.3559864148274715
2025-12-01 00:00:00-05:00,612.8404314452031,618.642953131189,611.7318743402105,616.3758544921875,40957600,0.645627223168152
2025-12-02 00:00:00-05:00,618.6629362671166,622.9473941962435,616.7953473526289,621.1996459960938,54541800,0.8481360904051513
2025-12-03 00:00:00-05:00,618.8227062993094,623.4167629201941,617.2347863490129,622.7177124023438,47841600,0.7533116102158487
2025-12-04 00:00:00-05:00,624.125857327544,624.1358542129962,618.7427783380717,622.138427734375,47067800,0.7420742583502431
2025-12-05 00:00:00-05:00,623.576610658964,628.1107470640665,622.9074898206164,624.6751708984375,53614200,0.8577956331207012
2025-12-08 00:00:00-05:00,626.4029681537079,628.0308756502869,620.8900514312259,623.4767456054688,43462400,0.7173948746897885
2025-12-09 00:00:00-05:00,622.2083743789747,625.0646797487918,620.2009509200387,624.2457275390625,37156000,0.622947716636582
2025-12-10 00:00:00-05:00,623.0472575003708,628.4004070267185,620.1909521392804,626.8024291992188,55031400,0.9148482172758282
2025-12-11 00:00:00-05:00,623.0173402820615,624.9748403012362,616.9251525569541,624.7750854492188,58272800,0.9600921855101585
2025-12-12 00:00:00-05:00,621.2795807165155,622.7376631081598,610.5733425467316,612.8304443359375,75158700,1.2344115076209312
2025-12-15 00:00:00-05:00,617.5743367162205,617.6242601897563,608.5359935678383,609.75439453125,49538200,0.8345552104696178
2025-12-16 00:00:00-05:00,607.4773301066649,612.7205746597449,606.1290306476157,610.9628295898438,55152800,0.9360001052204177
2025-12-17 00:00:00-05:00,612.2711370165166,612.8604046495489,599.5076134954934,599.6373901367188,70654300,1.212111282713969
2025-12-18 00:00:00-05:00,609.015347513387,612.1413249643276,606.1390483830863,608.3262329101562,78875800,1.34649766492786
2025-12-19 00:00:00-05:00,611.1625683957468,616.825255296648,611.0826542701337,616.2559814453125,60369800,1.083647371325199
2025-12-22 00:00:00-05:00,621.3499755859375,621.6500244140625,617.77001953125,619.2100219726562,43703100,0.8288441582911773
2025-12-23 00:00:00-05:00,618.2000122070312,622.4099731445312,617.780029296875,622.1099853515625,41120400,0.7942075944203596
2025-12-24 00:00:00-05:00,621.989990234375,624.280029296875,621.719970703125,623.9299926757812,18468700,0.37070282133335153
2025-12-26 00:00:00-05:00,624.6599731445312,625.52001953125,623.1400146484375,623.8900146484375,28959800,0.5892236436572159
2025-12-29 00:00:00-05:00,620.0999755859375,622.780029296875,618.72998046875,620.8699951171875,32458300,0.6541338192906024
2025-12-30 00:00:00-05:00,619.8400268554688,622.1799926757812,619.219970703125,619.4299926757812,31226800,0.6355470431873335
2025-12-31 00:00:00-05:00,619.6500244140625,619.9600219726562,614.0499877929688,614.3099975585938,40746500,0.8411057144986259
2026-01-02 00:00:00-05:00,620.0599975585938,622.8499755859375,610.1500244140625,613.1199951171875,61859200,1.2587117470090965
2026-01-05 00:00:00-05:00,619.3200073242188,620.8099975585938,616.719970703125,617.989990234375,46828400,0.9530969892259522
2026-01-06 00:00:00-05:00,619.22998046875,624.02001953125,618.5399780273438,623.4199829101562,43137500,0.8874377186385785
2026-01-07 00:00:00-05:00,623.0399780273438,627.9400024414062,622.5599975585938,624.02001953125,44880300,0.9219464937713563
2026-01-08 00:00:00-05:00,623.030029296875,623.4199829101562,617.7999877929688,620.469970703125,50435900,1.022129670039489
2026-01-09 00:00:00-05:00,621.4099731445312,627.8900146484375,619.0599975585938,626.6500244140625,49688700,1.0124682130864278
2026-01-12 00:00:00-05:00,622.3099975585938,628.8499755859375,622.260009765625,627.1699829101562,37388700,0.7784026659396603
2026-01-13 00:00:00-05:00,627.27001953125,629.469970703125,623.7000122070312,626.239990234375,44481400,0.9566153742263498
2026-01-14 00:00:00-05:00,622.239990234375,623.4500122070312,614.5599975585938,619.5499877929688,72598700,1.523526258371806
2026-01-15 00:00:00-05:00,626.5999755859375,630.0,620.75,621.780029296875,53934900,1.1333037478204848
2026-01-16 00:00:00-05:00,625.5,626.0800170898438,618.8800048828125,621.260009765625,61058100,1.2960462566637763
2026-01-20 00:00:00-05:00,610.530029296875,615.0599975585938,607.0499877929688,608.0599975585938,81988900,1.734601555153887
2026-01-21 00:00:00-05:00,609.469970703125,620.4199829101562,607.8599853515625,616.280029296875,79837900,1.6550107369158156
2026-01-22 00:00:00-05:00,622.3499755859375,622.4600219726562,617.780029296875,620.760009765625,42254800,0.8772435550424408
2026-01-23 00:00:00-05:00,619.72998046875,625.4000244140625,618.6500244140625,622.719970703125,43645800,0.9037526738589386
2026-01-26 00:00:00-05:00,623.2100219726562,627.6099853515625,622.1199951171875,625.4600219726562,35983000,0.7318127756780195
2026-01-27 00:00:00-05:00,628.9099731445312,632.0399780273438,627.3400268554688,631.1300048828125,38997200,0.7851013306409806
2026-01-28 00:00:00-05:00,635.4600219726562,636.5999755859375,631.8099975585938,633.219970703125,50691700,1.0021445847061536
2026-01-29 00:00:00-05:00,632.6500244140625,633.6699829101562,618.27001953125,629.4299926757812,79944000,1.5078345380568656
2026-01-30 00:00:00-05:00,625.7100219726562,628.260009765625,619.2999877929688,621.8699951171875,65650700,1.2098324699355691
2026-02-02 00:00:00-05:00,618.7000122070312,628.489990234375,618.6599731445312,626.1400146484375,49020300,0.9141767298688634
2026-02-03 00:00:00-05:00,628.2999877929688,629.97998046875,610.9600219726562,616.52001953125,81234000,1.467837855540824
2026-02-04 00:00:00-05:00,615.02001953125,615.0999755859375,600.469970703125,605.75,81850700,1.4290005365907865
2026-02-05 00:00:00-05:00,600.2100219726562,604.8099975585938,594.760009765625,597.030029296875,89354500,1.5017059512038209
2026-02-06 00:00:00-05:00,600.1900024414062,611.4099731445312,598.77001953125,609.6500244140625,77641800,1.2756963301906648
